index;seqName;clade;clade_display;clade_who;clade_nextstrain;partiallyAliased;Nextclade_pango;qc.overallScore;qc.overallStatus;totalSubstitutions;totalDeletions;totalInsertions;totalFrameShifts;totalMissing;totalNonACGTNs;totalAminoacidSubstitutions;totalAminoacidDeletions;totalAminoacidInsertions;totalUnknownAa;alignmentScore;alignmentStart;alignmentEnd;coverage;cdsCoverage;isReverseComplement;substitutions;deletions;insertions;frameShifts;aaSubstitutions;aaDeletions;aaInsertions;privateNucMutations.reversionSubstitutions;privateNucMutations.labeledSubstitutions;privateNucMutations.unlabeledSubstitutions;privateNucMutations.totalReversionSubstitutions;privateNucMutations.totalLabeledSubstitutions;privateNucMutations.totalUnlabeledSubstitutions;privateNucMutations.totalPrivateSubstitutions;privateAaMutations.reversionSubstitutions;privateAaMutations.labeledSubstitutions;privateAaMutations.unlabeledSubstitutions;privateAaMutations.totalReversionSubstitutions;privateAaMutations.totalLabeledSubstitutions;privateAaMutations.totalUnlabeledSubstitutions;privateAaMutations.totalPrivateSubstitutions;missing;founderMuts['clade'].nodeName;founderMuts['clade'].substitutions;founderMuts['clade'].deletions;founderMuts['clade'].aaSubstitutions;founderMuts['clade'].aaDeletions;founderMuts['Nextclade_pango'].nodeName;founderMuts['Nextclade_pango'].substitutions;founderMuts['Nextclade_pango'].deletions;founderMuts['Nextclade_pango'].aaSubstitutions;founderMuts['Nextclade_pango'].aaDeletions;relativeMutations['JN.1 (24A)'].nodeName;relativeMutations['JN.1 (24A)'].substitutions;relativeMutations['JN.1 (24A)'].deletions;relativeMutations['JN.1 (24A)'].aaSubstitutions;relativeMutations['JN.1 (24A)'].aaDeletions;relativeMutations['XBB.1.5 (23A)'].nodeName;relativeMutations['XBB.1.5 (23A)'].substitutions;relativeMutations['XBB.1.5 (23A)'].deletions;relativeMutations['XBB.1.5 (23A)'].aaSubstitutions;relativeMutations['XBB.1.5 (23A)'].aaDeletions;unknownAaRanges;nonACGTNs;qc.missingData.missingDataThreshold;qc.missingData.score;qc.missingData.status;qc.missingData.totalMissing;qc.mixedSites.mixedSitesThreshold;qc.mixedSites.score;qc.mixedSites.status;qc.mixedSites.totalMixedSites;qc.privateMutations.cutoff;qc.privateMutations.excess;qc.privateMutations.score;qc.privateMutations.status;qc.privateMutations.total;qc.snpClusters.clusteredSNPs;qc.snpClusters.score;qc.snpClusters.status;qc.snpClusters.totalSNPs;qc.frameShifts.frameShifts;qc.frameShifts.totalFrameShifts;qc.frameShifts.frameShiftsIgnored;qc.frameShifts.totalFrameShiftsIgnored;qc.frameShifts.score;qc.frameShifts.status;qc.stopCodons.stopCodons;qc.stopCodons.totalStopCodons;qc.stopCodons.score;qc.stopCodons.status;totalPcrPrimerChanges;pcrPrimerChanges;failedCdses;warnings;errors
0;MN985325.1 Severe acute respiratory syndrome coronavirus 2 isolate SARS-CoV-2/human/USA/WA-CDC-02982586-001/2020, complete genome;19B;19B;;19B;A;A;0;good;3;0;0;0;0;0;1;0;0;0;89634;1;29882;0.9992977293248168;E:1,M:1,N:1,ORF1a:1,ORF1b:1,ORF3a:1,ORF6:1,ORF7a:1,ORF7b:1,ORF8:1,ORF9b:1,S:1;false;C8782T,C18060T,T28144C;;;;ORF8:L84S;;;;;C18060T;0;0;1;1;;;;0;0;0;0;;NODE_0000585;C18060T;;;;NODE_0000585;C18060T;;;;N/A;N/A;N/A;N/A;N/A;N/A;N/A;N/A;N/A;N/A;;;3000;0;good;0;10;0;good;0;24;-7;0;good;1;;0;good;0;;0;;0;0;good;;0;0;good;0;;;;
2;MW301121.1 Severe acute respiratory syndrome coronavirus 2 isolate SARS-CoV-2/human/CHN/MY-001/2020, complete genome;20B;20B;;20B;B.1.1;B.1.1;0;good;8;0;0;0;0;0;4;0;0;0;89659;7;29903;0.999799351235662;E:1,M:1,N:1,ORF1a:1,ORF1b:1,ORF3a:1,ORF6:1,ORF7a:1,ORF7b:1,ORF8:1,ORF9b:1,S:1;false;C241T,C313T,C3037T,C14408T,A23403G,G28881A,G28882A,G28883C;;;;N:R203K,N:G204R,ORF1b:P314L,S:D614G;;;;;;0;0;0;0;;;;0;0;0;0;;NODE_0000750;C313T;;;;NODE_0000750;C313T;;;;N/A;N/A;N/A;N/A;N/A;N/A;N/A;N/A;N/A;N/A;;;3000;0;good;0;10;0;good;0;24;-8;0;good;0;;0;good;0;;0;;0;0;good;;0;0;good;0;;;;
5;MW420785.1 Severe acute respiratory syndrome coronavirus 2 isolate SARS-CoV-2/human/USA/UT-UPHL-2012877396/2020 ORF1ab polyprotein (ORF1ab), ORF1a polyprotein (ORF1ab), surface glycoprotein (S), ORF3a protein (ORF3a), envelope protein (E), membrane glycoprotein (M), ORF6 protein (ORF6), ORF7a protein (ORF7a), ORF7b (ORF7b), ORF8 protein (ORF8), nucleocapsid phosphoprotein (N), and ORF10 protein (ORF10) genes, complete cds;20C;20C;;20C;B.1.426;B.1.426;0.004444;good;13;0;0;0;318;0;9;0;0;108;88973;56;29836;0.985285757281878;E:1,M:1,N:1,ORF1a:1,ORF1b:0.9599406528189912,ORF3a:1,ORF6:1,ORF7a:1,ORF7b:1,ORF8:1,ORF9b:1,S:1;false;C241T,T833C,C1059T,C3037T,C6541T,C11379T,A13388T,C14408T,G19827T,A22320G,A23403G,G25563T,C27964T;;;;ORF1a:F190L,ORF1a:T265I,ORF1a:A3705V,ORF1a:M4375L,ORF1b:P314L,ORF3a:Q57H,ORF8:S24L,S:D253G,S:D614G;;;;C6541T|23F&23H&25C;C11379T,A13388T,G19827T;0;1;3;4;;;ORF1a:A3705V,ORF1a:M4375L;0;0;2;2;14976-15065,15170-15171,19298-19498,19531-19534,19548-19568;NODE_0000648;T833C,C6541T,C11379T,A13388T,G19827T,A22320G,C27964T;;ORF1a:F190L,ORF1a:A3705V,ORF1a:M4375L,ORF8:S24L,S:D253G;;B.1.426;C6541T,C11379T,A13388T,G19827T;;ORF1a:A3705V,ORF1a:M4375L;;N/A;N/A;N/A;N/A;N/A;N/A;N/A;N/A;N/A;N/A;ORF1b:504-533,ORF1b:568,ORF1b:1944-2011,ORF1b:2022-2023,ORF1b:2028-2034;;3000;0.666667;good;318;10;0;good;0;24;-1;0;good;7;;0;good;0;;0;;0;0;good;;0;0;good;0;;;;
6;MW633280.1 Severe acute respiratory syndrome coronavirus 2 isolate SARS-CoV-2/human/FRA/UK-4_2021/2021 ORF1ab polyprotein (ORF1ab), ORF1a polyprotein (ORF1ab), surface glycoprotein (S), ORF3a protein (ORF3a), envelope protein (E), membrane glycoprotein (M), ORF6 protein (ORF6), ORF7a protein (ORF7a), ORF7b (ORF7b), and truncated ORF8 protein (ORF8) genes, complete cds; nucleocapsid phosphoprotein (N) gene, partial cds; and ORF10 protein (ORF10) gene, complete cds;20I;20I (Alpha);Alpha;20I;B.1.1.7.7;Q.7;0;good;32;19;0;0;9;0;19;6;0;3;89325;12;29860;0.9978931879744508;E:1,M:1,N:0.9928571428571428,ORF1a:1,ORF1b:1,ORF3a:1,ORF6:1,ORF7a:1,ORF7b:1,ORF8:1,ORF9b:1,S:1;false;C241T,C913T,C2910T,C3037T,C3267T,C5388A,C5944T,C5986T,T6954C,C14408T,C14676T,T15096C,C15279T,T16176C,A17337G,T18018C,A23063T,C23271A,A23403G,C23604A,C23709T,T24506G,G24914C,C27972T,G28048T,A28095T,A28111G,G28881A,G28882A,G28883C,G28884C,C28977T;11288-11296,21765-21770,21992-21994,28271;;;N:R203K,N:G204P,N:S235F,ORF1a:T882I,ORF1a:T1001I,ORF1a:A1708D,ORF1a:I2230T,ORF1b:P314L,ORF8:Q27*,ORF8:R52I,ORF8:K68*,ORF8:Y73C,S:N501Y,S:A570D,S:D614G,S:P681H,S:T716I,S:S982A,S:D1118H;ORF1a:S3675-,ORF1a:G3676-,ORF1a:F3677-,S:H69-,S:V70-,S:Y144-;;C7069A;;C2910T,C5944T;1;0;2;3;ORF1a:D2268E;;ORF1a:T882I;1;0;1;2;28274-28282;NODE_0000784;C2910T,C5944T,T15096C,A17337G,T18018C,A28095T,G28884C;;N:R204P,ORF1a:T882I,ORF8:K68*;;Q.7;C2910T,C5944T,C7069A;;ORF1a:T882I,ORF1a:D2268E;;N/A;N/A;N/A;N/A;N/A;N/A;N/A;N/A;N/A;N/A;N:1-3;;3000;0;good;9;10;0;good;0;24;0;0;good;8;;0;good;0;;0;;0;0;good;;0;0;good;0;;;;
7;MW729262.1 Severe acute respiratory syndrome coronavirus 2 isolate SARS-CoV-2/human/USA/OH-UHTL-180/2021, complete genome;20I;20I (Alpha);Alpha;20I;B.1.1.7;B.1.1.7;1.562500;good;37;18;0;0;0;0;23;6;0;0;89485;1;29903;1;E:1,M:1,N:1,ORF1a:1,ORF1b:1,ORF3a:1,ORF6:1,ORF7a:1,ORF7b:1,ORF8:1,ORF9b:1,S:1;false;C241T,C745T,C913T,C3037T,C3267T,C5388A,C5986T,T6954C,A12162G,C14408T,C14676T,C15279T,C15720T,T16176C,A17615G,A21137G,A23063T,C23271A,A23403G,C23604A,C23709T,C24130T,T24506G,G24914C,G25135T,C25867T,C27972T,G28048T,A28111G,G28280C,A28281T,T28282A,G28881A,G28882A,G28883C,C28977T,G29227T;11288-11296,21765-21770,21992-21994;;;N:D3L,N:R203K,N:G204R,N:S235F,ORF1a:T1001I,ORF1a:A1708D,ORF1a:I2230T,ORF1a:Q3966R,ORF1b:P314L,ORF1b:K1383R,ORF1b:K2557R,ORF3a:P159S,ORF8:Q27*,ORF8:R52I,ORF8:Y73C,S:N501Y,S:A570D,S:D614G,S:P681H,S:T716I,S:S982A,S:D1118H,S:K1191N;ORF1a:S3675-,ORF1a:G3676-,ORF1a:F3677-,S:H69-,S:V70-,S:Y144-;;;A21137G|24I&25C;C745T,A12162G,C15720T,C24130T,G25135T,C25867T,G29227T;0;1;7;8;;;ORF1a:Q3966R,ORF1b:K2557R,ORF3a:P159S,S:K1191N;0;0;4;4;;NODE_0000784;C745T,A12162G,C15720T,A17615G,A21137G,C24130T,G25135T,C25867T,G29227T;;ORF1a:Q3966R,ORF1b:K1383R,ORF1b:K2557R,ORF3a:P159S,S:K1191N;;NODE_0000784;C745T,A12162G,C15720T,A17615G,A21137G,C24130T,G25135T,C25867T,G29227T;;ORF1a:Q3966R,ORF1b:K1383R,ORF1b:K2557R,ORF3a:P159S,S:K1191N;;N/A;N/A;N/A;N/A;N/A;N/A;N/A;N/A;N/A;N/A;;;3000;0;good;0;10;0;good;0;24;3;12.500000;good;11;;0;good;0;;0;;0;0;good;;0;0;good;0;;;;
8;MW729265.1 Severe acute respiratory syndrome coronavirus 2 isolate SARS-CoV-2/human/USA/OH-UHTL-183/2021, complete genome;20I;20I (Alpha);Alpha;20I;B.1.1.7;B.1.1.7;0.694444;good;35;18;0;0;0;0;22;6;0;0;89493;1;29903;1;E:1,M:1,N:1,ORF1a:1,ORF1b:1,ORF3a:1,ORF6:1,ORF7a:1,ORF7b:1,ORF8:1,ORF9b:1,S:1;false;C241T,C913T,C2110T,C3037T,C3267T,C5388A,C5986T,T6954C,G7042T,A10195G,C14120T,C14408T,C14676T,C15279T,C15720T,T16176C,A23063T,C23271A,A23403G,C23604A,C23709T,T24506G,G24914C,C27972T,G28048T,G28075T,A28095T,A28111G,G28280C,A28281T,T28282A,G28881A,G28882A,G28883C,C28977T;11288-11296,21765-21770,21992-21994;;;N:D3L,N:R203K,N:G204R,N:S235F,ORF1a:T1001I,ORF1a:A1708D,ORF1a:I2230T,ORF1a:M2259I,ORF1b:P218L,ORF1b:P314L,ORF8:Q27*,ORF8:R52I,ORF8:C61F,ORF8:K68*,ORF8:Y73C,S:N501Y,S:A570D,S:D614G,S:P681H,S:T716I,S:S982A,S:D1118H;ORF1a:S3675-,ORF1a:G3676-,ORF1a:F3677-,S:H69-,S:V70-,S:Y144-;;;A28095T|20I;C2110T,G7042T,A10195G,C14120T,C15720T,G28075T;0;1;6;7;;;ORF1a:M2259I,ORF1b:P218L,ORF8:C61F,ORF8:K68*;0;0;4;4;;NODE_0000784;C2110T,G7042T,A10195G,C14120T,C15720T,G28075T,A28095T;;ORF1a:M2259I,ORF1b:P218L,ORF8:C61F,ORF8:K68*;;NODE_0000784;C2110T,G7042T,A10195G,C14120T,C15720T,G28075T,A28095T;;ORF1a:M2259I,ORF1b:P218L,ORF8:C61F,ORF8:K68*;;N/A;N/A;N/A;N/A;N/A;N/A;N/A;N/A;N/A;N/A;;;3000;0;good;0;10;0;good;0;24;2;8.333333;good;10;;0;good;0;;0;;0;0;good;;0;0;good;0;;;;
9;MZ054073.1 Severe acute respiratory syndrome coronavirus 2 isolate SARS-CoV-2/human/USA/VT-CDCBI-CRSP_NFFSIWT6KEOG33OF/2021 ORF1ab polyprotein (ORF1ab), ORF1a polyprotein (ORF1ab), surface glycoprotein (S), ORF3a protein (ORF3a), envelope protein (E), membrane glycoprotein (M), ORF6 protein (ORF6), ORF7a protein (ORF7a), ORF7b (ORF7b), truncated ORF8 protein (ORF8), nucleocapsid phosphoprotein (N), and ORF10 protein (ORF10) genes, complete cds;20I;20I (Alpha);Alpha;20I;B.1.1.7;B.1.1.7;2.777778;good;37;19;0;0;107;0;23;6;0;38;89291;27;29903;0.9955522857238404;E:1,M:1,N:1,ORF1a:0.991365598727562,ORF1b:1,ORF3a:1,ORF6:1,ORF7a:1,ORF7b:1,ORF8:1,ORF9b:1,S:1;false;C241T,C245T,C913T,C2110T,G3004T,C3037T,C3267T,C5388A,C5986T,T6954C,G7042T,C11824T,C14120T,C14408T,C14676T,C15279T,T16176C,A23063T,C23271A,A23403G,C23604A,C23709T,T24506G,G24914C,G25644T,C27972T,T28014G,G28048T,A28095T,A28111G,G28280C,A28281T,T28282A,G28881A,G28882A,G28883C,C28977T;11288-11296,21765-21770,21992-21994,28271;;;N:D3L,N:R203K,N:G204R,N:S235F,ORF1a:E913D,ORF1a:T1001I,ORF1a:A1708D,ORF1a:I2230T,ORF1a:M2259I,ORF1b:P218L,ORF1b:P314L,ORF8:Q27*,ORF8:F41V,ORF8:R52I,ORF8:K68*,ORF8:Y73C,S:N501Y,S:A570D,S:D614G,S:P681H,S:T716I,S:S982A,S:D1118H;ORF1a:S3675-,ORF1a:G3676-,ORF1a:F3677-,S:H69-,S:V70-,S:Y144-;;;A28095T|20I;C245T,C2110T,G3004T,G7042T,C11824T,C14120T,G25644T,T28014G;0;1;8;9;;;ORF1a:E913D,ORF1a:M2259I,ORF1b:P218L,ORF8:F41V,ORF8:K68*;0;0;5;5;7111-7112,7200-7304;NODE_0000784;C245T,C2110T,G3004T,G7042T,C11824T,C14120T,G25644T,T28014G,A28095T;;ORF1a:E913D,ORF1a:M2259I,ORF1b:P218L,ORF8:F41V,ORF8:K68*;;NODE_0000784;C245T,C2110T,G3004T,G7042T,C11824T,C14120T,G25644T,T28014G,A28095T;;ORF1a:E913D,ORF1a:M2259I,ORF1b:P218L,ORF8:F41V,ORF8:K68*;;N/A;N/A;N/A;N/A;N/A;N/A;N/A;N/A;N/A;N/A;ORF1a:2282-2283,ORF1a:2312-2347;;3000;0;good;107;10;0;good;0;24;4;16.666667;good;12;;0;good;0;;0;;0;0;good;;0;0;good;0;;;;
10;MZ054074.1 Severe acute respiratory syndrome coronavirus 2 isolate SARS-CoV-2/human/USA/VT-CDCBI-CRSP_NIJIBCF3VX4DFQJY/2021 ORF1ab polyprotein (ORF1ab), ORF1a polyprotein (ORF1ab), surface glycoprotein (S), ORF3a protein (ORF3a), envelope protein (E), membrane glycoprotein (M), and ORF6 protein (ORF6) genes, complete cds; ORF7a protein (ORF7a) and ORF7b (ORF7b) genes, partial cds; and truncated ORF8 protein (ORF8), nucleocapsid phosphoprotein (N), and ORF10 protein (ORF10) genes, complete cds;20I;20I (Alpha);Alpha;20I;B.1.1.7;B.1.1.7;11.550631;good;40;19;0;0;479;0;23;6;0;163;88901;29;29903;0.9830451794134368;E:1,M:1,N:1,ORF1a:0.9822767552828904,ORF1b:1,ORF3a:1,ORF6:1,ORF7a:0.38524590163934425,ORF7b:0.7727272727272727,ORF8:1,ORF9b:1,S:1;false;C241T,C913T,C1758T,C3037T,C3267T,C5388A,C5986T,C6706T,T6954C,C8950T,C9223T,C14408T,C14676T,C15279T,T16176C,C19524T,C21234T,C21575T,A22834G,A23063T,C23271A,A23403G,C23604A,C23709T,T24506G,G24914T,G25526T,C25844T,C27849T,C27972T,G28048T,A28111G,G28280C,A28281T,T28282A,G28881A,G28882A,G28883C,C28977T,T29524C;11288-11296,21765-21770,21992-21994,28271;;;N:D3L,N:R203K,N:G204R,N:S235F,ORF1a:A498V,ORF1a:T1001I,ORF1a:A1708D,ORF1a:I2230T,ORF1b:P314L,ORF3a:W45L,ORF3a:T151I,ORF7b:L32F,ORF8:Q27*,ORF8:R52I,ORF8:Y73C,S:L5F,S:N501Y,S:A570D,S:D614G,S:P681H,S:T716I,S:S982A,S:D1118Y;ORF1a:S3675-,ORF1a:G3676-,ORF1a:F3677-,S:H69-,S:V70-,S:Y144-;;;C21575T|21F;C1758T,C6706T,C8950T,C9223T,C19524T,C21234T,A22834G,C24914T,G25526T,C25844T,C27849T,T29524C;0;1;12;13;;;ORF1a:A498V,ORF3a:W45L,ORF3a:T151I,ORF7b:L32F,S:L5F,S:H1118Y;0;0;6;6;9246-9476,27536-27783;NODE_0000784;C1758T,C6706T,C8950T,C9223T,C19524T,C21234T,C21575T,A22834G,C24914T,G25526T,C25844T,C27849T,T29524C;;ORF1a:A498V,ORF3a:W45L,ORF3a:T151I,ORF7b:L32F,S:L5F,S:H1118Y;;NODE_0000784;C1758T,C6706T,C8950T,C9223T,C19524T,C21234T,C21575T,A22834G,C24914T,G25526T,C25844T,C27849T,T29524C;;ORF1a:A498V,ORF3a:W45L,ORF3a:T151I,ORF7b:L32F,S:L5F,S:H1118Y;;N/A;N/A;N/A;N/A;N/A;N/A;N/A;N/A;N/A;N/A;ORF1a:2994-3071,ORF7a:48-122,ORF7b:1-10;;3000;6.629630;good;479;10;0;good;0;24;8;33.333333;mediocre;16;;0;good;0;;0;;0;0;good;;0;0;good;0;;;;
11;MZ169910.1 Severe acute respiratory syndrome coronavirus 2 isolate SARS-CoV-2/human/BRA/1061/2021, complete genome;20J;20J (Gamma);Gamma;20J;B.1.1.28.1;P.1;0;good;35;0;0;0;0;0;23;0;0;0;89569;1;29903;1;E:1,M:1,N:1,ORF1a:1,ORF1b:1,ORF3a:1,ORF6:1,ORF7a:1,ORF7b:1,ORF8:1,ORF9b:1,S:1;false;C241T,T733C,G2407T,C2749T,C3037T,C3828T,A5648C,A6319G,A6613G,C12778T,C13860T,C14408T,G17259T,C18348T,C21614T,C21621A,C21638T,G21974T,G22132T,A22812C,G23012A,A23063T,A23403G,C23525T,C24642T,G25088T,T26149C,G28167A,C28512G,A28877T,G28878C,G28881A,G28882A,G28883C,T29834A;;;;N:P80R,N:R203K,N:G204R,ORF1a:K714N,ORF1a:S1188L,ORF1a:K1795Q,ORF1b:P314L,ORF1b:E1264D,ORF3a:S253P,ORF8:E92K,ORF9b:Q77E,S:L18F,S:T20N,S:P26S,S:D138Y,S:R190S,S:K417T,S:E484K,S:N501Y,S:D614G,S:H655Y,S:T1027I,S:V1176F;;;;;G2407T,C18348T;0;0;2;2;ORF1a:-3675S,ORF1a:-3676G,ORF1a:-3677F;;ORF1a:K714N;3;0;1;4;;NODE_0000803;G2407T,C18348T;;ORF1a:K714N,ORF1a:-3675S,ORF1a:-3676G,ORF1a:-3677F;;NODE_0000803;G2407T,C18348T;;ORF1a:K714N,ORF1a:-3675S,ORF1a:-3676G,ORF1a:-3677F;;N/A;N/A;N/A;N/A;N/A;N/A;N/A;N/A;N/A;N/A;;;3000;0;good;0;10;0;good;0;24;-6;0;good;2;;0;good;0;;0;;0;0;good;;0;0;good;0;;;;
12;MZ169911.1 Severe acute respiratory syndrome coronavirus 2 isolate SARS-CoV-2/human/BRA/1236/2021, complete genome;20J;20J (Gamma);Gamma;20J;B.1.1.28.1.14;P.1.14;2.777778;good;47;0;0;0;0;0;27;0;0;0;89521;1;29903;1;E:1,M:1,N:1,ORF1a:1,ORF1b:1,ORF3a:1,ORF6:1,ORF7a:1,ORF7b:1,ORF8:1,ORF9b:1,S:1;false;T25A,T76A,T77A,T78A,A79C,T83C,C241T,T733C,C1218T,C2749T,C3037T,C3828T,C5365T,A5648C,A6319G,A6613G,G9105A,T11296G,C12778T,C13860T,C14408T,G17259T,A18806G,C18828T,C21614T,C21621A,C21638T,G21974T,G22132T,A22812C,G23012A,A23063T,C23380T,A23403G,C23525T,C24642T,G25088T,T26149C,C26527T,G28167A,C28512G,A28877T,G28878C,G28881A,G28882A,G28883C,T29834A;;;;M:A2V,N:P80R,N:R203K,N:G204R,ORF1a:S318L,ORF1a:S1188L,ORF1a:K1795Q,ORF1a:S2947N,ORF1a:F3677L,ORF1b:P314L,ORF1b:E1264D,ORF1b:N1780S,ORF3a:S253P,ORF8:E92K,ORF9b:Q77E,S:L18F,S:T20N,S:P26S,S:D138Y,S:R190S,S:K417T,S:E484K,S:N501Y,S:D614G,S:H655Y,S:T1027I,S:V1176F;;;;;T25A,T76A,T77A,T78A,A79C,T83C,C1218T,C5365T,-11296G,A18806G,C18828T,C26527T;0;0;12;12;ORF1a:-3675S,ORF1a:-3676G;;M:A2V,ORF1a:S318L,ORF1a:-3677L,ORF1b:N1780S;2;0;4;6;;NODE_0000803;T25A,T76A,T77A,T78A,A79C,T83C,C1218T,C5365T,G9105A,-11296G,A18806G,C18828T,C23380T,C26527T;;M:A2V,ORF1a:S318L,ORF1a:S2947N,ORF1a:-3675S,ORF1a:-3676G,ORF1a:-3677L,ORF1b:N1780S;;P.1.14;T25A,T76A,T77A,T78A,A79C,T83C,C1218T,C5365T,-11296G,A18806G,C18828T,C26527T;;M:A2V,ORF1a:S318L,ORF1a:-3675S,ORF1a:-3676G,ORF1a:-3677L,ORF1b:N1780S;;N/A;N/A;N/A;N/A;N/A;N/A;N/A;N/A;N/A;N/A;;;3000;0;good;0;10;0;good;0;24;4;16.666667;good;12;;0;good;0;;0;;0;0;good;;0;0;good;0;;;;
13;MZ571142.1 Severe acute respiratory syndrome coronavirus 2 isolate SARS-CoV-2/human/MAR/CNRST-IND2-2021/2021, complete genome;21B;21B (Kappa);Kappa;21B;B.1.617.1;B.1.617.1;21.006944;good;30;0;0;0;0;0;20;0;0;0;89334;26;29843;0.9971574758385446;E:1,M:1,N:1,ORF1a:1,ORF1b:1,ORF3a:1,ORF6:1,ORF7a:1,ORF7b:1,ORF8:1,ORF9b:1,S:1;false;G210T,C241T,C1348T,C3037T,C3457T,C4965T,C9430T,A11201G,C14408T,G16852T,G17523T,A20396G,T20401G,C21846T,T21895C,G21987A,G22022A,T22917G,G23012C,A23403G,C23604G,A24775T,C25469T,T26307A,C26681T,T26767G,T27638C,G28881T,G29402T,G29742T;;;;M:I82S,N:R203M,N:D377Y,ORF1a:T1567I,ORF1a:T3646A,ORF1b:P314L,ORF1b:G1129C,ORF1b:M1352I,ORF1b:K2310R,ORF1b:S2312A,ORF3a:S26L,ORF7a:V82A,S:T95I,S:G142D,S:E154K,S:L452R,S:E484Q,S:D614G,S:P681R,S:Q1071H;;;;G16852T|21B,T20401G|21B,C21846T|21K&21J&21F&21H,A24775T|21B;C1348T,C9430T,T26307A;0;4;3;7;;;ORF1b:G1129C,ORF1b:S2312A,S:T95I,S:Q1071H;0;0;4;4;;B.1.617.1;C1348T,C9430T,G16852T,T20401G,C21846T,A24775T,T26307A;;ORF1b:G1129C,ORF1b:S2312A,S:T95I,S:Q1071H;;B.1.617.1;C1348T,C9430T,G16852T,T20401G,C21846T,A24775T,T26307A;;ORF1b:G1129C,ORF1b:S2312A,S:T95I,S:Q1071H;;N/A;N/A;N/A;N/A;N/A;N/A;N/A;N/A;N/A;N/A;;;3000;0;good;0;10;0;good;0;24;11;45.833333;mediocre;19;;0;good;0;;0;;0;0;good;;0;0;good;0;;;;
14;NC_045512.2 Severe acute respiratory syndrome coronavirus 2 isolate Wuhan-Hu-1, complete genome;19A;19A;;19A;B;B;0;good;0;0;0;0;0;0;0;0;0;0;89709;1;29903;1;E:1,M:1,N:1,ORF1a:1,ORF1b:1,ORF3a:1,ORF6:1,ORF7a:1,ORF7b:1,ORF8:1,ORF9b:1,S:1;false;;;;;;;;;;;0;0;0;0;;;;0;0;0;0;;NODE_0000000;;;;;NODE_0000000;;;;;N/A;N/A;N/A;N/A;N/A;N/A;N/A;N/A;N/A;N/A;;;3000;0;good;0;10;0;good;0;24;-8;0;good;0;;0;good;0;;0;;0;0;good;;0;0;good;0;;;;
15;OK091006.1 Severe acute respiratory syndrome coronavirus 2 isolate SARS-CoV-2/human/JPN/SARS-CoV-2, B.1.617.2 lineage, Delta variant/2021, complete genome;21J;21J (Delta);Delta;21J;B.1.617.2.29;AY.29;4;good;33;0;0;0;40;2;27;0;0;17;89336;28;29863;0.9963548807811924;E:1,M:0.9955156950672646,N:1,ORF1a:0.9972733469665984,ORF1b:1,ORF3a:1,ORF6:1,ORF7a:1,ORF7b:1,ORF8:1,ORF9b:1,S:0.9968602825745684;false;G210T,C241T,C3037T,G4181T,C5239T,T5514C,C6402T,C7124T,C8986T,G9053T,C10029T,A11201G,A11332G,C14408T,G15451A,C16466T,C19220T,C21618G,G21987A,T22917G,C22995A,A23403G,C23604G,G24410A,C25469T,T27638C,C27874T,C28253A,A28461G,G28881T,G28916T,G29402T,G29742T;;;;N:D63G,N:R203M,N:G215C,N:D377Y,ORF1a:A1306S,ORF1a:V1750A,ORF1a:P2046L,ORF1a:P2287S,ORF1a:V2930L,ORF1a:T3255I,ORF1a:T3646A,ORF1b:P314L,ORF1b:G662S,ORF1b:P1000L,ORF1b:A1918V,ORF3a:S26L,ORF7a:V82A,ORF7b:T40I,ORF8:F120L,ORF9b:T60A,S:T19R,S:G142D,S:L452R,S:T478K,S:D614G,S:P681R,S:D950N;;;T27752C;;-28253A;1;0;1;2;ORF7a:I120T,ORF8:-119D;;ORF8:-120L;2;0;1;3;6309-6341,22029-22034,28271;NODE_0000698;C5239T,T5514C,G9053T,T27752C,-28253A;;ORF1a:V1750A,ORF1a:V2930L,ORF7a:I120T,ORF8:-119D,ORF8:-120L;;NODE_0000725;T27752C,-28253A;;ORF7a:I120T,ORF8:-119D,ORF8:-120L;;N/A;N/A;N/A;N/A;N/A;N/A;N/A;N/A;N/A;N/A;ORF1a:2015-2026,S:95,S:156-158,M:82;Y:21846,Y:26767;3000;0;good;40;10;20;good;2;24;-1;0;good;7;;0;good;0;;0;;0;0;good;;0;0;good;0;;;;
16;OL965487.1 Severe acute respiratory syndrome coronavirus 2 isolate SARS-CoV-2/human/USA/WA-UW-21111631612/2021 ORF1ab polyprotein (ORF1ab), ORF1a polyprotein (ORF1ab), surface glycoprotein (S), ORF3a protein (ORF3a), envelope protein (E), membrane glycoprotein (M), ORF6 protein (ORF6), ORF7a protein (ORF7a), ORF7b (ORF7b), ORF8 protein (ORF8), nucleocapsid phosphoprotein (N), and ORF10 protein (ORF10) genes, complete cds;21J;21J (Delta);Delta;21J;B.1.617.2.103;AY.103;3.272977;good;38;12;0;0;490;0;33;4;0;165;87927;202;29741;0.9714744340032772;E:1,M:1,N:1,ORF1a:1,ORF1b:0.9677299703264096,ORF3a:1,ORF6:1,ORF7a:1,ORF7b:1,ORF8:1,ORF9b:1,S:0.9387755102040816;false;G210T,C241T,C3037T,G4181T,A4484G,C6402T,C7124T,C8986T,G9053T,C10029T,C10259G,A11201G,A11332G,G13082T,C14408T,G15451A,C16466T,A17236G,C19220T,C21618G,T22917G,C22995A,A23403G,C23604G,C23802T,T23986C,C24208T,G24410A,C25469T,T26767C,T27638C,C27752T,C27874T,A28461G,G28881T,G28916T,C29358T,G29402T;22029-22034,28248-28253;;;M:I82T,N:D63G,N:R203M,N:G215C,N:T362I,N:D377Y,ORF1a:A1306S,ORF1a:K1407E,ORF1a:P2046L,ORF1a:P2287S,ORF1a:V2930L,ORF1a:T3255I,ORF1a:Q3332E,ORF1a:T3646A,ORF1a:A4273S,ORF1b:P314L,ORF1b:G662S,ORF1b:P1000L,ORF1b:I1257V,ORF1b:A1918V,ORF3a:S26L,ORF7a:V82A,ORF7a:T120I,ORF7b:T40I,ORF9b:T60A,S:T19R,S:R158G,S:L452R,S:T478K,S:D614G,S:P681R,S:T747I,S:D950N;ORF8:D119-,ORF8:F120-,S:E156-,S:F157-;;A21987G;;A4484G,C10259G,G13082T,C23802T,T23986C,C29358T;1;0;6;7;S:D142G;;N:T362I,ORF1a:K1407E,ORF1a:Q3332E,ORF1a:A4273S,S:T747I;1;0;5;6;19293-19551,21738-21968;NODE_0000698;A4484G,G9053T,C10259G,G13082T,A17236G,A21987G,C23802T,T23986C,C24208T,C29358T;;N:T362I,ORF1a:K1407E,ORF1a:V2930L,ORF1a:Q3332E,ORF1a:A4273S,ORF1b:I1257V,S:D142G,S:T747I;;AY.103;A4484G,C10259G,G13082T,A21987G,C23802T,T23986C,C29358T;;N:T362I,ORF1a:K1407E,ORF1a:Q3332E,ORF1a:A4273S,S:D142G,S:T747I;;N/A;N/A;N/A;N/A;N/A;N/A;N/A;N/A;N/A;N/A;ORF1b:1942-2028,S:59-136;;3000;7.037037;good;490;10;0;good;0;24;4;16.666667;good;12;;0;good;0;;0;;0;0;good;;0;0;good;0;;;;
17;OL965902.1 Severe acute respiratory syndrome coronavirus 2 isolate SARS-CoV-2/human/USA/CA-SLOPH-C0540/2021 ORF1ab polyprotein (ORF1ab), ORF1a polyprotein (ORF1ab), surface glycoprotein (S), ORF3a protein (ORF3a), envelope protein (E), membrane glycoprotein (M), ORF6 protein (ORF6), ORF7a protein (ORF7a), ORF7b (ORF7b), ORF8 protein (ORF8), nucleocapsid phosphoprotein (N), and ORF10 protein (ORF10) genes, complete cds;21J;21J (Delta);Delta;21J;B.1.617.2.44;AY.44;0;good;41;13;0;0;274;0;33;4;0;92;88848;55;29836;0.9867906230144132;E:1,M:1,N:1,ORF1a:1,ORF1b:1,ORF3a:1,ORF6:1,ORF7a:1,ORF7b:1,ORF8:1,ORF9b:1,S:0.9277864992150706;false;G210T,C241T,C3037T,G4181T,C6040T,C6402T,C6638T,A6833G,C7124T,C7926T,C8986T,G9053T,C10029T,A11201G,A11332G,T14014G,C14408T,G15451A,C16466T,C16726T,A18861G,C19220T,C21618G,T22917G,C22995A,A23403G,C23536T,C23604G,G24410A,C25469T,T26767C,T27638C,C27752T,C27874T,G28073T,A28461G,G28881T,G28916T,G29402T,A29700G,G29742T;22029-22034,28248-28253,28271;;;M:I82T,N:D63G,N:R203M,N:G215C,N:D377Y,ORF1a:A1306S,ORF1a:P2046L,ORF1a:H2125Y,ORF1a:I2190V,ORF1a:P2287S,ORF1a:A2554V,ORF1a:V2930L,ORF1a:T3255I,ORF1a:T3646A,ORF1b:F183V,ORF1b:P314L,ORF1b:G662S,ORF1b:P1000L,ORF1b:H1087Y,ORF1b:A1918V,ORF3a:S26L,ORF7a:V82A,ORF7a:T120I,ORF7b:T40I,ORF8:L60F,ORF9b:T60A,S:T19R,S:R158G,S:L452R,S:T478K,S:D614G,S:P681R,S:D950N;ORF8:D119-,ORF8:F120-,S:E156-,S:F157-;;;;C6638T,A6833G,C7926T,C16726T,A18861G,C23536T,G28073T;0;0;7;7;;;ORF1a:H2125Y,ORF1a:I2190V,ORF1a:A2554V,ORF1b:H1087Y,ORF8:L60F;0;0;5;5;21717-21990;NODE_0000698;C6040T,C6638T,A6833G,C7926T,G9053T,T14014G,C16726T,A18861G,C23536T,G28073T,A29700G;;ORF1a:H2125Y,ORF1a:I2190V,ORF1a:A2554V,ORF1a:V2930L,ORF1b:F183V,ORF1b:H1087Y,ORF8:L60F;;AY.44;C6638T,A6833G,C7926T,C16726T,A18861G,C23536T,G28073T;;ORF1a:H2125Y,ORF1a:I2190V,ORF1a:A2554V,ORF1b:H1087Y,ORF8:L60F;;N/A;N/A;N/A;N/A;N/A;N/A;N/A;N/A;N/A;N/A;S:52-143;;3000;0;good;274;10;0;good;0;24;-1;0;good;7;;0;good;0;;0;;0;0;good;;0;0;good;0;;;;
18;OM287553.1 Severe acute respiratory syndrome coronavirus 2 isolate SARS-CoV-2/human/NLD/EMC-Omicron-1/2021, complete genome;21K;21K (BA.1);Omicron;21K;BA.1.19;BA.1.19;0;good;56;39;9;0;0;0;47;16;1;0;88925;55;29827;0.9956526101060096;E:1,M:1,N:1,ORF1a:1,ORF1b:1,ORF3a:1,ORF6:1,ORF7a:1,ORF7b:1,ORF8:1,ORF9b:1,S:1;false;C241T,A2832G,C3037T,T5386G,G8393A,T9697C,C10029T,C10449A,A11537G,T13195C,C14408T,C15240T,A18163G,C21034T,C21762T,C21846T,G22578A,T22673C,C22674T,T22679C,C22686T,G22813T,T22882G,G22898A,G22992A,C22995A,A23013C,A23040G,G23048A,A23055G,A23063T,T23075C,C23202A,A23403G,C23525T,T23599G,C23604A,C23854A,G23948T,C24130A,A24424T,T24469A,C24503T,C25000T,C25584T,C26270T,A26530G,C26577G,G26709A,A27259C,C27807T,A28271T,C28311T,G28881A,G28882A,G28883C;6513-6515,11285-11293,21765-21770,21987-21995,22194-22196,28362-28370;22204:GAGCCAGAA;;E:T9I,M:D3G,M:Q19E,M:A63T,N:P13L,N:R203K,N:G204R,ORF1a:K856R,ORF1a:L2084I,ORF1a:A2710T,ORF1a:T3255I,ORF1a:P3395H,ORF1a:I3758V,ORF1b:P314L,ORF1b:I1566V,ORF1b:L2523F,ORF9b:P10S,S:A67V,S:T95I,S:Y145D,S:L212I,S:G339D,S:S371L,S:S373P,S:S375F,S:K417N,S:N440K,S:G446S,S:S477N,S:T478K,S:E484A,S:Q493R,S:G496S,S:Q498R,S:N501Y,S:Y505H,S:T547K,S:D614G,S:H655Y,S:N679K,S:P681H,S:N764K,S:D796Y,S:N856K,S:Q954H,S:N969K,S:L981F;N:E31-,N:R32-,N:S33-,ORF1a:S2083-,ORF1a:L3674-,ORF1a:S3675-,ORF1a:G3676-,ORF9b:E27-,ORF9b:N28-,ORF9b:A29-,S:H69-,S:V70-,S:G142-,S:V143-,S:Y144-,S:N211-;S:214:EPE;;;T9697C;0;0;1;1;;;;0;0;0;0;;NODE_0000811;T9697C,C21034T;;ORF1b:L2523F;;BA.1.19;T9697C;;;;N/A;N/A;N/A;N/A;N/A;N/A;N/A;N/A;N/A;N/A;;;3000;0;good;0;10;0;good;0;24;-7;0;good;1;;0;good;0;;0;;0;0;good;;0;0;good;0;;;;
20;ON456789.1 Severe acute respiratory syndrome coronavirus 2 isolate SARS-CoV-2/human/USA/TG310526/2020, complete genome;20C;20C;;20C;B.1;B.1;0;good;9;0;0;0;0;0;6;0;0;0;89409;39;29853;0.9970571514563756;E:1,M:1,N:1,ORF1a:1,ORF1b:1,ORF3a:1,ORF6:1,ORF7a:1,ORF7b:1,ORF8:1,ORF9b:1,S:1;false;C241T,C1059T,C3037T,C13860T,C14408T,C21575T,A23403G,G25563T,C27964T;;;;ORF1a:T265I,ORF1b:P314L,ORF3a:Q57H,ORF8:S24L,S:L5F,S:D614G;;;;C13860T|20J,C21575T|21F;;0;2;0;2;;;S:L5F;0;0;1;1;;NODE_0000648;C13860T,C21575T,C27964T;;ORF8:S24L,S:L5F;;NODE_0000593;C1059T,C13860T,C21575T,G25563T,C27964T;;ORF1a:T265I,ORF3a:Q57H,ORF8:S24L,S:L5F;;N/A;N/A;N/A;N/A;N/A;N/A;N/A;N/A;N/A;N/A;;;3000;0;good;0;10;0;good;0;24;0;0;good;8;;0;good;0;;0;;0;0;good;;0;0;good;0;;;;
23;OP293520.1 Severe acute respiratory syndrome coronavirus 2 isolate SARS-CoV-2/human/USA/CA-LACPHL-AF13418/2022 ORF1ab polyprotein (ORF1ab), ORF1a polyprotein (ORF1ab), surface glycoprotein (S), ORF3a protein (ORF3a), envelope protein (E), membrane glycoprotein (M), ORF6 protein (ORF6), ORF7a protein (ORF7a), ORF7b (ORF7b), ORF8 protein (ORF8), nucleocapsid phosphoprotein (N), and ORF10 protein (ORF10) genes, complete cds;22C;22C (BA.2.12.1);Omicron;22C;BA.2.12.1;BA.2.12.1;0;good;76;75;0;0;261;0;54;12;0;87;88543;51;29837;0.9873925693074274;E:1,M:1,N:1,ORF1a:0.9802317655078392,ORF1b:1,ORF3a:1,ORF6:1,ORF7a:1,ORF7b:1,ORF8:1,ORF9b:1,S:1;false;C241T,T670G,C2790T,C3037T,G4184A,C4321T,T6634C,C9344T,A9424G,C9534T,C9866T,C10029T,C10198T,G10447A,C10449A,C11674T,C12880T,C14408T,T15009C,C15381T,C15714T,C17410T,C17762T,A18163G,C19955T,A20055G,C20104T,C21618T,C21721T,G21987A,T22200G,G22578A,C22674T,T22679C,C22686T,A22688G,G22775A,A22786C,G22813T,T22882G,T22917A,G22992A,C22995A,A23013C,A23040G,A23055G,A23063T,T23075C,A23403G,C23525T,T23599G,C23604A,C23673T,C23854A,G23948T,A24424T,T24469A,C25000T,C25416T,C25584T,C26060T,C26270T,C26577G,G26709A,C26858T,A27259C,G27382C,A27383T,T27384C,C27807T,A28271T,C28311T,G28881A,G28882A,G28883C,A29510C;11288-11296,21633-21641,28362-28370,29729-29776;;;E:T9I,M:Q19E,M:A63T,N:P13L,N:R203K,N:G204R,N:S413R,ORF1a:S135R,ORF1a:T842I,ORF1a:G1307S,ORF1a:L3027F,ORF1a:T3090I,ORF1a:L3201F,ORF1a:T3255I,ORF1a:P3395H,ORF1b:P314L,ORF1b:R1315C,ORF1b:A1432V,ORF1b:I1566V,ORF1b:T2163I,ORF1b:L2213F,ORF3a:T223I,ORF6:D61L,ORF9b:P10S,S:T19I,S:A27S,S:G142D,S:V213G,S:G339D,S:S371F,S:S373P,S:S375F,S:T376A,S:D405N,S:R408S,S:K417N,S:N440K,S:L452Q,S:S477N,S:T478K,S:E484A,S:Q493R,S:Q498R,S:N501Y,S:Y505H,S:D614G,S:H655Y,S:N679K,S:P681H,S:S704L,S:N764K,S:D796Y,S:Q954H,S:N969K;N:E31-,N:R32-,N:S33-,ORF1a:S3675-,ORF1a:G3676-,ORF1a:F3677-,ORF9b:E27-,ORF9b:N28-,ORF9b:A29-,S:L24-,S:P25-,S:P26-;;;;T6634C,C15381T,C17762T,C20104T;0;0;4;4;;;ORF1b:A1432V,ORF1b:L2213F;0;0;2;2;4388-4648;22C;T6634C,T15009C,C15381T,C17762T,C20104T,C21721T;29729-29733,29760-29776;ORF1b:A1432V,ORF1b:L2213F;;22C;T6634C,T15009C,C15381T,C17762T,C20104T,C21721T;29729-29733,29760-29776;ORF1b:A1432V,ORF1b:L2213F;;N/A;N/A;N/A;N/A;N/A;N/A;N/A;N/A;N/A;N/A;ORF1a:1375-1461;;3000;0;good;261;10;0;good;0;24;-2;0;good;6;;0;good;0;;0;;0;0;good;;0;0;good;0;;;;
24;OP684305.1 Severe acute respiratory syndrome coronavirus 2 isolate SARS-CoV-2/human/KAZ/B1.1/2021, complete genome;20B;20B;;20B;B.1.1;B.1.1;264.062500;bad;41;9;4;0;0;0;32;3;0;0;89052;78;29833;0.9950841052737184;E:1,M:1,N:1,ORF1a:1,ORF1b:1,ORF3a:1,ORF6:1,ORF7a:1,ORF7b:1,ORF8:1,ORF9b:1,S:1;false;C106T,C241T,C344T,A2530G,C3037T,C4449A,C4455T,C4475T,A5829C,A9749G,T9867G,C10198T,C14408T,C15017T,C20759T,A21080G,A21446G,C21646T,C21648T,T21784A,C21789T,C21846T,A23014C,A23403G,C23520T,C23751T,C23997T,G24000T,A24538T,C25688T,C26110T,C26895T,G27008T,C27389T,C27630T,G27667A,C27739T,G28881A,G28882A,G28883C,A29436T;11288-11296;29733:TA,29755:C,29790:T;;M:H125Y,M:K162N,N:R203K,N:G204R,N:K388I,ORF1a:L27F,ORF1a:T1395N,ORF1a:A1397V,ORF1a:R1404C,ORF1a:K1855T,ORF1a:K3162E,ORF1a:L3201R,ORF1b:P314L,ORF1b:A517V,ORF1b:A2431V,ORF1b:K2538R,ORF1b:K2660R,ORF3a:A99V,ORF3a:P240S,ORF7a:E92K,ORF7a:L116F,S:T29I,S:N74K,S:T76I,S:T95I,S:E484D,S:D614G,S:A653V,S:S730F,S:P812L,S:S813I,S:Q992H;ORF1a:S3675-,ORF1a:G3676-,ORF1a:F3677-;;;C10198T|21L&22B&22E&23A&22C&24A&22A&23F&23D&23B&22D&24E&22F&23C&24C&rec&24F&23E&24B&23H&23I&24G&25A&23G&24H&24D&24I&25B&25C,C21789T|21G,C21846T|21K&21J&21F&21H,C27739T|21A;C106T,C344T,A2530G,C4449A,C4455T,C4475T,A5829C,A9749G,T9867G,C15017T,C20759T,A21080G,A21446G,C21646T,C21648T,T21784A,A23014C,C23520T,C23751T,C23997T,G24000T,A24538T,C25688T,C26110T,C26895T,G27008T,C27389T,C27630T,G27667A,A29436T;0;4;30;34;;;M:H125Y,M:K162N,N:K388I,ORF1a:L27F,ORF1a:T1395N,ORF1a:A1397V,ORF1a:R1404C,ORF1a:K1855T,ORF1a:K3162E,ORF1a:L3201R,ORF1b:A517V,ORF1b:A2431V,ORF1b:K2538R,ORF1b:K2660R,ORF3a:A99V,ORF3a:P240S,ORF7a:E92K,ORF7a:L116F,S:T29I,S:N74K,S:T76I,S:T95I,S:E484D,S:A653V,S:S730F,S:P812L,S:S813I,S:Q992H;0;0;28;28;;NODE_0000750;C106T,C344T,A2530G,C4449A,C4455T,C4475T,A5829C,A9749G,T9867G,C10198T,C15017T,C20759T,A21080G,A21446G,C21646T,C21648T,T21784A,C21789T,C21846T,A23014C,C23520T,C23751T,C23997T,G24000T,A24538T,C25688T,C26110T,C26895T,G27008T,C27389T,C27630T,G27667A,C27739T,A29436T;11288-11296;M:H125Y,M:K162N,N:K388I,ORF1a:L27F,ORF1a:T1395N,ORF1a:A1397V,ORF1a:R1404C,ORF1a:K1855T,ORF1a:K3162E,ORF1a:L3201R,ORF1b:A517V,ORF1b:A2431V,ORF1b:K2538R,ORF1b:K2660R,ORF3a:A99V,ORF3a:P240S,ORF7a:E92K,ORF7a:L116F,S:T29I,S:N74K,S:T76I,S:T95I,S:E484D,S:A653V,S:S730F,S:P812L,S:S813I,S:Q992H;ORF1a:S3675-,ORF1a:G3676-,ORF1a:F3677-;NODE_0000750;C106T,C344T,A2530G,C4449A,C4455T,C4475T,A5829C,A9749G,T9867G,C10198T,C15017T,C20759T,A21080G,A21446G,C21646T,C21648T,T21784A,C21789T,C21846T,A23014C,C23520T,C23751T,C23997T,G24000T,A24538T,C25688T,C26110T,C26895T,G27008T,C27389T,C27630T,G27667A,C27739T,A29436T;11288-11296;M:H125Y,M:K162N,N:K388I,ORF1a:L27F,ORF1a:T1395N,ORF1a:A1397V,ORF1a:R1404C,ORF1a:K1855T,ORF1a:K3162E,ORF1a:L3201R,ORF1b:A517V,ORF1b:A2431V,ORF1b:K2538R,ORF1b:K2660R,ORF3a:A99V,ORF3a:P240S,ORF7a:E92K,ORF7a:L116F,S:T29I,S:N74K,S:T76I,S:T95I,S:E484D,S:A653V,S:S730F,S:P812L,S:S813I,S:Q992H;ORF1a:S3675-,ORF1a:G3676-,ORF1a:F3677-;N/A;N/A;N/A;N/A;N/A;N/A;N/A;N/A;N/A;N/A;;;3000;0;good;0;10;0;good;0;24;39;162.500000;bad;47;;0;good;0;;0;;0;0;good;;0;0;good;0;;;;
25;OR782922.1 Severe acute respiratory syndrome coronavirus 2 isolate SARS-CoV-2/human/ZAF/XBB.1.5/2022 ORF1ab polyprotein (ORF1ab), ORF1a polyprotein (ORF1ab), surface glycoprotein (S), ORF3a protein (ORF3a), envelope protein (E), membrane glycoprotein (M), ORF6 protein (ORF6), ORF7a protein (ORF7a), and ORF7b (ORF7b) genes, complete cds; ORF8 gene, complete sequence; and nucleocapsid phosphoprotein (N) and ORF10 protein (ORF10) genes, complete cds;23A;23A (XBB.1.5);;23A;XBB.1.5.13;XBB.1.5.13;4.340278;good;87;30;0;0;29;0;62;13;0;11;88541;55;29733;0.99153931043708;E:1,M:0.9775784753363228,N:1,ORF1a:0.9986366734832992,ORF1b:1,ORF3a:1,ORF6:1,ORF7a:1,ORF7b:1,ORF8:1,ORF9b:1,S:1;false;A405G,T670G,C2790T,C3037T,C9344T,A9424G,C9534T,C10029T,C10198T,G10447A,C10449A,C12880T,C14408T,G15451A,C15714T,C15738T,T15939C,T16342C,T17124C,C17410T,T17859C,A18163G,A19326G,C19955T,A20055G,T21810C,T21880C,G21987A,C22000A,C22109G,T22200A,G22317T,G22577C,G22578A,G22599C,C22664A,C22674T,T22679C,C22686T,A22688G,G22775A,A22786C,G22813T,T22882G,G22895C,T22896C,G22898A,T22942G,G22992A,C22995A,A23013C,T23018C,T23019C,T23031C,A23055G,A23063T,T23075C,A23403G,C23525T,T23599G,C23604A,C23854A,G23948T,A24424T,T24469A,C25000T,C25416T,C25584T,C26060T,C26228A,C26270T,A26275G,C26577G,G26709A,A27259C,G27382C,A27383T,T27384C,C27807T,G27915T,G28079T,A28271T,C28311T,G28881A,G28882A,G28883C,A29510C;11288-11296,21633-21641,21992-21994,28362-28370;;;E:T9I,E:T11A,M:Q19E,M:A63T,N:P13L,N:R203K,N:G204R,N:S413R,ORF1a:K47R,ORF1a:S135R,ORF1a:T842I,ORF1a:L3027F,ORF1a:T3090I,ORF1a:T3255I,ORF1a:P3395H,ORF1b:P314L,ORF1b:G662S,ORF1b:S959P,ORF1b:R1315C,ORF1b:I1566V,ORF1b:T2163I,ORF3a:T223I,ORF6:D61L,ORF8:G8*,ORF9b:P10S,S:A27S,S:V83A,S:G142D,S:H146Q,S:Q183E,S:V213E,S:G252V,S:G339H,S:R346T,S:L368I,S:S371F,S:S373P,S:S375F,S:T376A,S:D405N,S:R408S,S:K417N,S:N440K,S:V445P,S:G446S,S:N460K,S:S477N,S:T478K,S:E484A,S:F486P,S:F490S,S:Q498R,S:N501Y,S:Y505H,S:D614G,S:H655Y,S:N679K,S:P681H,S:N764K,S:D796Y,S:Q954H,S:N969K;N:E31-,N:R32-,N:S33-,ORF1a:S3675-,ORF1a:G3676-,ORF1a:F3677-,ORF9b:E27-,ORF9b:N28-,ORF9b:A29-,S:L24-,S:P25-,S:P26-,S:Y144-;;A4184G,T21618C;;C26228A;2;0;1;3;ORF1a:S1307G,S:I19T;;;2;0;0;2;241,1001,4321,9866,11373-11383,26847-26860;internal_XBB_1_5;A4184G,T17124C,T21618C,T21880C,C26228A,G28079T;;ORF1a:S1307G,S:I19T;;NODE_0000381;A4184G,T21618C,C26228A;;ORF1a:S1307G,S:I19T;;N/A;N/A;N/A;N/A;N/A;XBB.1.5;A4184G,T17124C,T21618C,T21880C,C26228A,G28079T;;ORF1a:S1307G,S:I19T;;ORF1a:246,ORF1a:3201,ORF1a:3703-3706,M:109-113;;3000;0;good;29;10;0;good;0;24;5;20.833333;good;13;;0;good;0;;0;;0;0;good;;0;0;good;0;;;;
27;OR958377.1 Severe acute respiratory syndrome coronavirus 2 isolate SARS-CoV-2/human/USA/CA-CDPH-500128835/2023 ORF1ab polyprotein (ORF1ab) gene, partial cds; ORF1a polyprotein (ORF1ab) gene, complete cds; surface glycoprotein (S) gene, partial cds; ORF3a protein (ORF3a), envelope protein (E), membrane glycoprotein (M), ORF6 protein (ORF6), ORF7a protein (ORF7a), and ORF7b (ORF7b) genes, complete cds; ORF8 gene, complete sequence; and nucleocapsid phosphoprotein (N) and ORF10 protein (ORF10) genes, complete cds;23F;23F (EG.5.1);;23F;XBB.1.9.2.5.1.6.1;HV.1;0.449396;good;110;47;0;0;481;0;75;10;0;162;88392;26;29852;0.9813731063772866;E:1,M:1,N:1,ORF1a:0.992274483072029,ORF1b:0.994807121661721,ORF3a:1,ORF6:1,ORF7a:0.8770491803278688,ORF7b:1,ORF8:1,ORF9b:1,S:0.9222919937205653;false;C44T,C241T,A405G,T670G,C2334T,C2790T,C3037T,C3876T,G4184A,C4321T,G5720A,C5835T,C9344T,A9424G,C9534T,C9592T,C9693T,C9866T,C10029T,C10198T,C10279T,G10447A,C10449A,C12789T,C12880T,C14408T,G15451A,C15714T,C15738T,T15939C,T16342C,A16878T,C17410T,T17859C,A18163G,A18492G,G18826A,A19326G,C19955T,A20055G,G21718T,T21810C,G21987A,C22000A,C22033A,C22109G,T22200A,G22317T,C22480T,G22577C,G22578A,G22599C,C22664A,C22674T,T22679C,C22686T,A22688G,G22775A,A22786C,T22882G,G22895C,T22896C,G22898A,T22917G,T22930A,T22942G,G22992A,C22995A,A23013C,T23018C,T23019C,T23031C,A23055G,A23063T,T23075C,A23403G,C23525T,T23599G,C23604A,C23854A,G23948T,A24424T,T24469A,C25000T,C25416T,C25584T,C26060T,C26270T,A26275G,C26577G,G26709A,T26837G,C26858T,A27259C,G27382C,A27383T,T27384C,A27507C,C27577G,C27807T,G27915T,A28271T,T28297C,C28311T,G28881A,G28882A,G28883C,A29510C,C29625T,C29784T;11288-11296,21992-21994,28362-28370,29734-29759;;;E:T9I,E:T11A,M:Q19E,M:A63T,N:P13L,N:R203K,N:G204R,N:S413R,ORF1a:K47R,ORF1a:S135R,ORF1a:A690V,ORF1a:T842I,ORF1a:A1204V,ORF1a:G1307S,ORF1a:G1819S,ORF1a:S1857L,ORF1a:L3027F,ORF1a:T3090I,ORF1a:A3143V,ORF1a:L3201F,ORF1a:T3255I,ORF1a:P3395H,ORF1a:T4175I,ORF1b:P314L,ORF1b:G662S,ORF1b:S959P,ORF1b:R1315C,ORF1b:I1566V,ORF1b:V1787I,ORF1b:T2163I,ORF3a:T223I,ORF6:D61L,ORF7a:Q62E,ORF8:G8*,ORF9b:I5T,ORF9b:P10S,S:Q52H,S:V83A,S:G142D,S:H146Q,S:F157L,S:Q183E,S:V213E,S:G252V,S:G339H,S:R346T,S:L368I,S:S371F,S:S373P,S:S375F,S:T376A,S:D405N,S:R408S,S:N440K,S:V445P,S:G446S,S:L452R,S:F456L,S:N460K,S:S477N,S:T478K,S:E484A,S:F486P,S:F490S,S:Q498R,S:N501Y,S:Y505H,S:D614G,S:H655Y,S:N679K,S:P681H,S:N764K,S:D796Y,S:Q954H,S:N969K;N:E31-,N:R32-,N:S33-,ORF1a:S3675-,ORF1a:G3676-,ORF1a:F3677-,ORF9b:E27-,ORF9b:N28-,ORF9b:A29-,S:Y144-;;;;C3876T,C9592T,C10279T,G18826A,T26837G,C27577G;0;0;6;6;;;ORF1a:A1204V,ORF1b:V1787I,ORF7a:Q62E;0;0;3;3;5759-5787,9710-9779,21515-21597,21599-21698,22791-22871,23980-24051,27413-27454,29695-29698;NODE_0000546;C44T,C3876T,C5835T,C9592T,C10279T,G18826A,C22033A,T22917G,T26837G,C27577G,C29784T;;ORF1a:A1204V,ORF1a:S1857L,ORF1b:V1787I,ORF7a:Q62E,S:F157L,S:L452R;;NODE_0000556;C3876T,C9592T,C10279T,G18826A,T26837G,C27577G;;ORF1a:A1204V,ORF1b:V1787I,ORF7a:Q62E;;N/A;N/A;N/A;N/A;N/A;XBB.1.5;C2334T,C3876T,G5720A,C5835T,C9592T,C9693T,C10279T,C12789T,A16878T,A18492G,G18826A,G21718T,C22033A,C22480T,T22917G,T22930A,T26837G,A27507C,C27577G,T28297C,C29625T,C29784T;;ORF1a:A690V,ORF1a:A1204V,ORF1a:G1819S,ORF1a:S1857L,ORF1a:A3143V,ORF1a:T4175I,ORF1b:V1787I,ORF7a:Q62E,ORF9b:I5T,S:Q52H,S:F157L,S:L452R,S:F456L;;ORF1a:1832-1841,ORF1a:3149-3172,ORF1b:2683-2696,S:1-46,S:410-437,S:806-830,ORF7a:7-21;;3000;6.703704;good;481;10;0;good;0;24;-2;0;good;6;;0;good;0;;0;;0;0;good;;0;0;good;0;;;;
28;OR998518.1 Severe acute respiratory syndrome coronavirus 2 isolate SARS-CoV-2/human/USA/WV138205/2023 ORF1ab polyprotein (ORF1ab), ORF1a polyprotein (ORF1ab), surface glycoprotein (S), ORF3a protein (ORF3a), envelope protein (E), membrane glycoprotein (M), ORF6 protein (ORF6), ORF7a protein (ORF7a), and ORF7b (ORF7b) genes, complete cds; ORF8 gene, complete sequence; and nucleocapsid phosphoprotein (N) and ORF10 protein (ORF10) genes, complete cds;23B;23B (XBB.1.16);;23B;XBB.1.16.6;XBB.1.16.6;0.694444;good;111;62;0;0;90;0;73;15;0;30;88746;5;29840;0.9947496906664884;E:1,M:1,N:1,ORF1a:1,ORF1b:1,ORF3a:1,ORF6:1,ORF7a:1,ORF7b:1,ORF8:0.7540983606557377,ORF9b:1,S:1;false;C44T,C241T,A405G,T670G,A1558G,T2698C,C2790T,A2923G,C3037T,G4184A,C4321T,A6517G,C8947T,C9344T,A9424G,C9534T,C9866T,C10029T,C10198T,G10447A,C10449A,C11750T,C11956T,A12397G,T12730A,C12880T,C14408T,A14856G,G15451A,C15714T,C15738T,T15939C,T16342C,C17410T,T17859C,A18163G,G18703T,C18981T,A19326G,A19708G,C19955T,A20055G,C21618T,T21810C,G21987A,C22000A,A22101T,C22109G,T22200A,G22317T,G22577C,G22578A,G22599C,C22664A,C22674T,T22679C,C22686T,A22688G,G22775A,A22786C,G22813T,T22882G,G22895C,T22896C,G22898A,T22930A,T22942G,G22992A,C22995G,A23013C,T23018C,T23019C,T23031C,A23055G,A23063T,T23075C,A23403G,C23525T,T23599G,C23604A,C23854A,G23948T,A24424T,T24469A,C24904T,C25000T,C25416T,C25584T,C26060T,C26270T,A26275G,C26577G,G26709A,C26858T,A27259C,G27382C,A27383T,T27384C,C27807T,G27915T,C27972A,T28062C,A28271T,T28297C,C28311T,A28447G,G28881A,G28882A,G28883C,C29386T,A29510C;11288-11296,21633-21641,21992-21994,28152-28157,28362-28370,29734-29759;;;E:T9I,E:T11A,M:Q19E,M:A63T,N:P13L,N:R203K,N:G204R,N:S413R,ORF1a:K47R,ORF1a:S135R,ORF1a:I431M,ORF1a:T842I,ORF1a:G1307S,ORF1a:L3027F,ORF1a:T3090I,ORF1a:L3201F,ORF1a:T3255I,ORF1a:P3395H,ORF1a:L3829F,ORF1b:P314L,ORF1b:G662S,ORF1b:S959P,ORF1b:R1315C,ORF1b:I1566V,ORF1b:D1746Y,ORF1b:T2081A,ORF1b:T2163I,ORF3a:T223I,ORF6:D61L,ORF8:G8*,ORF9b:I5T,ORF9b:P10S,ORF9b:N55S,S:T19I,S:A27S,S:V83A,S:G142D,S:H146Q,S:E180V,S:Q183E,S:V213E,S:G252V,S:G339H,S:R346T,S:L368I,S:S371F,S:S373P,S:S375F,S:T376A,S:D405N,S:R408S,S:K417N,S:N440K,S:V445P,S:G446S,S:F456L,S:N460K,S:S477N,S:T478R,S:E484A,S:F486P,S:F490S,S:Q498R,S:N501Y,S:Y505H,S:D614G,S:H655Y,S:N679K,S:P681H,S:N764K,S:D796Y,S:Q954H,S:N969K;N:E31-,N:R32-,N:S33-,ORF1a:S3675-,ORF1a:G3676-,ORF1a:F3677-,ORF8:T87-,ORF8:I88-,ORF9b:E27-,ORF9b:N28-,ORF9b:A29-,S:L24-,S:P25-,S:P26-,S:Y144-;;;;A1558G,T2698C,A2923G,A6517G,C18981T,A19708G,C24904T,C27972A,T28062C;0;0;9;9;;;ORF1a:I431M,ORF1b:T2081A;0;0;2;2;78,27973-28061;NODE_0000457;A1558G,T2698C,A2923G,A6517G,C8947T,A12397G,C18981T,A19708G,T22930A,C24904T,C27972A,T28062C;28152-28157;ORF1a:I431M,ORF1b:T2081A,S:F456L;ORF8:T87-,ORF8:I88-;NODE_0000463;A1558G,T2698C,A2923G,A6517G,C18981T,A19708G,C24904T,C27972A,T28062C;28152-28157;ORF1a:I431M,ORF1b:T2081A;ORF8:T87-,ORF8:I88-;N/A;N/A;N/A;N/A;N/A;XBB.1.5;A1558G,T2698C,A2923G,A6517G,C8947T,C11750T,C11956T,A12397G,T12730A,A14856G,G18703T,C18981T,A19708G,A22101T,T22930A,A22995G,C24904T,C27972A,T28062C,T28297C,A28447G,C29386T;28152-28157;ORF1a:I431M,ORF1a:L3829F,ORF1b:D1746Y,ORF1b:T2081A,ORF9b:I5T,ORF9b:N55S,S:E180V,S:F456L,S:K478R;ORF8:T87-,ORF8:I88-;ORF8:27-56;;3000;0;good;90;10;0;good;0;24;2;8.333333;good;10;;0;good;0;;0;;0;0;good;;0;0;good;0;;;;
29;PP485688.1 Severe acute respiratory syndrome coronavirus 2 isolate SARS-CoV-2/human/USA/CO-CDPHE-41709094/2024 ORF1ab polyprotein (ORF1ab) and ORF1a polyprotein (ORF1ab) genes, complete cds; surface glycoprotein (S) and ORF3a protein (ORF3a) genes, partial cds; and envelope protein (E), membrane glycoprotein (M), ORF6 protein (ORF6), ORF7a protein (ORF7a), ORF7b (ORF7b), ORF8 protein (ORF8), nucleocapsid phosphoprotein (N), and ORF10 protein (ORF10) genes, complete cds;24A;24A (JN.1);Omicron;24A;BA.2.86.1.1;JN.1;6.625857;good;114;42;12;0;995;0;84;17;1;322;87649;79;29840;0.962010500618667;E:1,M:1,N:1,ORF1a:0.9581913201545104,ORF1b:1,ORF3a:0.9855072463768116,ORF6:1,ORF7a:1,ORF7b:1,ORF8:1,ORF9b:1,S:0.8948194662480377;false;C241T,T670G,C897A,C2790T,C3037T,T3565C,G4184A,C4321T,A6183G,A7842G,C8293T,G8393A,C9344T,A9424G,C9534T,C10029T,C10198T,G10447A,C10449A,G11042T,G11727A,C12439T,C12789T,C12815T,C12880T,T13339C,C14408T,C15714T,T15756A,C17410T,A18163G,A18492G,C18894T,C19955T,A20055G,C21618T,C21622T,G21624C,C21711T,G21941T,G21987A,T22032C,C22033A,A22034G,T22200G,C22208T,C22295A,C22353A,A22556G,G22577C,G22578A,A22629C,C22674T,T22679C,C22686T,A22688G,G22770A,G22775A,A22786C,G22813T,T22882G,G22895C,T22896A,G22898A,A22910G,C22916T,T22917G,T22926C,T22942A,G22992A,C22995A,T23005A,G23012A,T23018C,T23019C,A23055G,A23063T,T23075C,G23222A,C23271T,A23403G,C23423T,T23599G,C23604G,C23854A,G23948T,C24378T,A24424T,T24469A,C24990T,C25000T,C25584T,C26060T,C26270T,G26529C,C26577G,A26610G,C26681T,G26709A,C26833T,C26858T,A27259C,G27382C,A27383T,T27384C,C27807T,T27810C,A28271T,C28311T,G28881A,G28882A,G28883C,C28958A,A29510C;11288-11296,21633-21641,21765-21770,21992-21994,22194-22196,23009-23011,28362-28370;21608:TCATGCCGCTGT;;E:T9I,M:D3H,M:Q19E,M:T30A,M:A63T,M:A104V,N:P13L,N:R203K,N:G204R,N:Q229K,N:S413R,ORF1a:S135R,ORF1a:A211D,ORF1a:T842I,ORF1a:G1307S,ORF1a:K1973R,ORF1a:N2526S,ORF1a:A2710T,ORF1a:L3027F,ORF1a:T3090I,ORF1a:T3255I,ORF1a:P3395H,ORF1a:V3593F,ORF1a:R3821K,ORF1a:T4175I,ORF1b:P314L,ORF1b:R1315C,ORF1b:I1566V,ORF1b:T2163I,ORF3a:T223I,ORF6:D61L,ORF7b:F19L,ORF9b:P10S,S:T19I,S:R21T,S:A27S,S:S50L,S:V127F,S:G142D,S:F157S,S:R158G,S:L212I,S:V213G,S:L216F,S:H245N,S:A264D,S:I332V,S:G339H,S:K356T,S:S371F,S:S373P,S:S375F,S:T376A,S:R403K,S:D405N,S:R408S,S:K417N,S:N440K,S:V445H,S:G446S,S:N450D,S:L452W,S:L455S,S:N460K,S:S477N,S:T478K,S:N481K,S:E484K,S:F486P,S:Q498R,S:N501Y,S:Y505H,S:E554K,S:A570V,S:D614G,S:P621S,S:N679K,S:P681R,S:N764K,S:D796Y,S:S939F,S:Q954H,S:N969K,S:P1143L;N:E31-,N:R32-,N:S33-,ORF1a:S3675-,ORF1a:G3676-,ORF1a:F3677-,ORF9b:E27-,ORF9b:N28-,ORF9b:A29-,S:L24-,S:P25-,S:P26-,S:H69-,S:V70-,S:Y144-,S:N211-,S:V483-;S:16:MPLF;;;C12439T;0;0;1;1;;;;0;0;0;0;420-661,3234-3540,23453-23589,25121-25402,29733-29759;NODE_0001190;C12439T;;;;NODE_0001190;C12439T;;;;JN.1;C12439T;;;;N/A;N/A;N/A;N/A;N/A;ORF1a:52-132,ORF1a:990-1092,S:631-676,S:1187-1274,ORF3a:1-4;;3000;25.740741;good;995;10;0;good;0;24;-7;0;good;1;;0;good;0;;0;;0;0;good;;0;0;good;0;;;;
30;PV361325.1 Severe acute respiratory syndrome coronavirus 2 isolate SARS-CoV-2/human/IND/hCoV-19_India_MP-AIIMSB_WGS2596_SW_21/2021, complete genome;21I;21I (Delta);Delta;21I;B.1.617.2;B.1.617.2;0;good;29;19;0;0;124;0;25;6;0;43;89074;43;29842;0.992408788415878;E:1,M:1,N:1,ORF1a:1,ORF1b:0.9944362017804156,ORF3a:1,ORF6:1,ORF7a:1,ORF7b:1,ORF8:1,ORF9b:1,S:0.978021978021978;false;G210T,C241T,C3037T,C5184T,A5584G,C9891T,T11418C,C11514T,C13019T,C14408T,G15451A,C16466T,C21618G,G21987A,C22185T,C22227T,T22917G,C22995A,A23403G,C23604G,G24410A,C25469T,T26767C,T27638C,C27752T,A28461G,G28881T,G29402T,G29742T;21765-21770,22029-22034,28248-28253,28271;;;M:I82T,N:D63G,N:R203M,N:D377Y,ORF1a:P1640L,ORF1a:A3209V,ORF1a:V3718A,ORF1a:T3750I,ORF1b:P314L,ORF1b:G662S,ORF1b:P1000L,ORF3a:S26L,ORF7a:V82A,ORF7a:T120I,ORF9b:T60A,S:T19R,S:G142D,S:R158G,S:T208M,S:A222V,S:L452R,S:T478K,S:D614G,S:P681R,S:D950N;ORF8:D119-,ORF8:F120-,S:H69-,S:V70-,S:E156-,S:F157-;;;;C22185T;0;0;1;1;;;S:T208M;0;0;1;1;14473-14515,21803-21847,23049-23084;NODE_0000685;A5584G,C13019T,C22185T;21765-21770;S:T208M;S:H69-,S:V70-;NODE_0000674;C5184T,A5584G,C9891T,T11418C,C11514T,C13019T,G15451A,C16466T,C22185T,C22227T;21765-21770,28248-28253;ORF1a:P1640L,ORF1a:A3209V,ORF1a:V3718A,ORF1a:T3750I,ORF1b:G662S,ORF1b:P1000L,S:T208M,S:A222V;ORF8:D119-,ORF8:F120-,S:H69-,S:V70-;N/A;N/A;N/A;N/A;N/A;N/A;N/A;N/A;N/A;N/A;ORF1b:336-350,S:81-95,S:496-508;;3000;0;good;124;10;0;good;0;24;-6;0;good;2;;0;good;0;;0;;0;0;good;;0;0;good;0;;;;
31;MN908947.3 Severe acute respiratory syndrome coronavirus 2 isolate Wuhan-Hu-1, complete genome;19A;19A;;19A;B;B;0;good;0;0;0;0;0;0;0;0;0;0;89709;1;29903;1;E:1,M:1,N:1,ORF1a:1,ORF1b:1,ORF3a:1,ORF6:1,ORF7a:1,ORF7b:1,ORF8:1,ORF9b:1,S:1;false;;;;;;;;;;;0;0;0;0;;;;0;0;0;0;;NODE_0000000;;;;;NODE_0000000;;;;;N/A;N/A;N/A;N/A;N/A;N/A;N/A;N/A;N/A;N/A;;;3000;0;good;0;10;0;good;0;24;-8;0;good;0;;0;good;0;;0;;0;0;good;;0;0;good;0;;;;